gene,cell_type,KW_p,KW_FDR,effect_size,effect_size_class,disease_1,disease_2,mw_stat,mw_p,n1,n2,mw_FDR
MALAT1,Neural,5.001711939441389e-90,1.3259223081711664e-88,1.9935203999999995,high,Healthy,UC_inflamed,3974190.5,3.783599393158515e-85,7272,1590,5.784955844318153e-83
MALAT1,Neural,5.001711939441389e-90,1.3259223081711664e-88,1.9935203999999995,high,UC_inflamed,UC_non_inflamed,82983.0,5.193874714484506e-13,1590,69,9.930433590436047e-12
MALAT1,Neural,5.001711939441389e-90,1.3259223081711664e-88,1.9935203999999995,high,UC_inflamed,Colitis_inflamed,19581.5,2.6589063370042054e-08,1590,13,3.566987634939835e-07
ALDOA,Neural,8.595027881197466e-33,7.225674168520464e-32,1.0054194,high,Healthy,UC_inflamed,6489979.0,3.959490049931901e-28,7272,1590,1.6308845845051987e-26
ALDOA,Neural,8.595027881197466e-33,7.225674168520464e-32,1.0054194,high,UC_inflamed,UC_non_inflamed,39123.0,9.81806594819654e-14,1590,69,1.969524003683271e-12
ALDOA,Neural,8.595027881197466e-33,7.225674168520464e-32,1.0054194,high,UC_inflamed,Colitis_inflamed,4759.0,1.7948956349000792e-10,1590,13,2.872962815974734e-09
